"","Host","Parasite","rank"
"9072","Bos_taurus","Betacoronavirus",1
"9113","Sus_scrofa","Betacoronavirus",2
"9036","Ovis_aries","Betacoronavirus",3
"8732","Mus_musculus","Betacoronavirus",4
"9124","Equus_caballus","Betacoronavirus",5
"9039","Capra_hircus","Betacoronavirus",6
"8966","Macaca_mulatta","Betacoronavirus",7
"8988","Pan_troglodytes","Betacoronavirus",8
"8744","Rattus_rattus","Betacoronavirus",9
"8747","Rattus_norvegicus","Betacoronavirus",10
"9184","Felis_catus","Betacoronavirus",11
"8712","Apodemus_sylvaticus","Betacoronavirus",12
"8968","Macaca_fascicularis","Betacoronavirus",13
"9122","Equus_asinus","Betacoronavirus",14
"8822","Myodes_glareolus","Betacoronavirus",15
"9074","Bubalus_bubalis","Betacoronavirus",16
"8907","Sciurus_carolinensis","Betacoronavirus",17
"8989","Pongo_pygmaeus","Betacoronavirus",18
"8943","Chlorocebus_aethiops","Betacoronavirus",19
"8958","Papio_cynocephalus","Betacoronavirus",20
"8930","Cercopithecus_ascanius","Betacoronavirus",21
"9117","Camelus_dromedarius","Betacoronavirus",22
"9065","Kobus_ellipsiprymnus","Betacoronavirus",23
"9088","Odocoileus_virginianus","Betacoronavirus",24
"9092","Cervus_elaphus","Betacoronavirus",25
"8831","Microtus_agrestis","Betacoronavirus",26
"8960","Papio_ursinus","Betacoronavirus",27
"9048","Aepyceros_melampus","Betacoronavirus",28
"9138","Procyon_lotor","Betacoronavirus",29
"9075","Syncerus_caffer","Betacoronavirus",30
"9333","Artibeus_jamaicensis","Betacoronavirus",31
"9005","Aotus_trivirgatus","Betacoronavirus",32
"9090","Rangifer_tarandus","Betacoronavirus",33
"9032","Connochaetes_taurinus","Betacoronavirus",34
"8711","Apodemus_flavicollis","Betacoronavirus",35
"9326","Sturnira_lilium","Betacoronavirus",36
"9171","Vulpes_velox","Betacoronavirus",37
"8928","Oryctolagus_cuniculus","Betacoronavirus",38
"9400","Scotophilus_kuhlii","Betacoronavirus",39
"8790","Sigmodon_hispidus","Betacoronavirus",40
"8865","Cavia_porcellus","Betacoronavirus",41
"8714","Arvicanthis_niloticus","Betacoronavirus",42
"9183","Felis_silvestris","Betacoronavirus",43
"8847","Tatera_indica","Betacoronavirus",44
"9175","Panthera_leo","Betacoronavirus",45
"9077","Tragelaphus_strepsiceros","Betacoronavirus",46
"9087","Odocoileus_hemionus","Betacoronavirus",47
"8984","Gorilla_gorilla","Betacoronavirus",48
"9017","Saimiri_sciureus","Betacoronavirus",49
"9187","Puma_concolor","Betacoronavirus",50
"8728","Mastomys_natalensis","Betacoronavirus",51
"9170","Vulpes_vulpes","Betacoronavirus",52
"9312","Phyllostomus_hastatus","Betacoronavirus",53
"8820","Mesocricetus_auratus","Betacoronavirus",54
"9302","Desmodus_rotundus","Betacoronavirus",55
"8834","Microtus_arvalis","Betacoronavirus",56
"9480","Macropus_giganteus","Betacoronavirus",57
"8801","Peromyscus_maniculatus","Betacoronavirus",58
"8946","Erythrocebus_patas","Betacoronavirus",59
"9098","Giraffa_camelopardalis","Betacoronavirus",60
"9070","Bison_bison","Betacoronavirus",61
"9083","Capreolus_capreolus","Betacoronavirus",62
"9066","Redunca_arundinum","Betacoronavirus",63
"9030","Alcelaphus_buselaphus","Betacoronavirus",64
"9027","Oryx_leucoryx","Betacoronavirus",65
"9095","Dama_dama","Betacoronavirus",66
"9007","Callithrix_jacchus","Betacoronavirus",67
"8967","Macaca_fuscata","Betacoronavirus",68
"9349","Molossus_rufus","Betacoronavirus",69
"9136","Mephitis_mephitis","Betacoronavirus",70
"9189","Crocuta_crocuta","Betacoronavirus",71
"9317","Glossophaga_soricina","Betacoronavirus",72
"8882","Marmota_monax","Betacoronavirus",73
"9149","Phoca_vitulina","Betacoronavirus",74
"9025","Oryx_gazella","Betacoronavirus",75
"9337","Uroderma_bilobatum","Betacoronavirus",76
"9160","Canis_latrans","Betacoronavirus",77
"9127","Neovison_vison","Betacoronavirus",78
"9082","Alces_alces","Betacoronavirus",79
"9188","Acinonyx_jubatus","Betacoronavirus",80
"8837","Microtus_pennsylvanicus","Betacoronavirus",81
"8849","Gerbilliscus_kempi","Betacoronavirus",82
"8800","Peromyscus_leucopus","Betacoronavirus",83
"9134","Lontra_canadensis","Betacoronavirus",84
"8872","Proechimys_guyannensis","Betacoronavirus",85
"9029","Hippotragus_niger","Betacoronavirus",86
"8788","Zygodontomys_brevicauda","Betacoronavirus",87
"8843","Meriones_hurrianae","Betacoronavirus",88
"9097","Antilocapra_americana","Betacoronavirus",89
"9055","Eudorcas_thomsonii","Betacoronavirus",90
"8957","Papio_anubis","Betacoronavirus",91
"8853","Cricetomys_gambianus","Betacoronavirus",92
"8838","Microtus_oeconomus","Betacoronavirus",93
"8912","Sciurus_vulgaris","Betacoronavirus",94
"8956","Papio_hamadryas","Betacoronavirus",95
"8963","Macaca_radiata","Betacoronavirus",96
"9049","Antidorcas_marsupialis","Betacoronavirus",97
"9428","Myotis_lucifugus","Betacoronavirus",98
"9418","Eptesicus_fuscus","Betacoronavirus",99
"9231","Pteropus_poliocephalus","Betacoronavirus",100
"9235","Pteropus_scapulatus","Betacoronavirus",101
"9454","Myotis_nigricans","Betacoronavirus",102
"9446","Myotis_septentrionalis","Betacoronavirus",103
"9344","Tadarida_brasiliensis","Betacoronavirus",104
"8836","Microtus_californicus","Betacoronavirus",105
"9462","Choloepus_hoffmanni","Betacoronavirus",106
"9164","Canis_mesomelas","Betacoronavirus",107
"8724","Lemniscomys_striatus","Betacoronavirus",108
"8717","Bandicota_indica","Betacoronavirus",109
"9488","Didelphis_marsupialis","Betacoronavirus",110
"9472","Loxodonta_africana","Betacoronavirus",111
"9456","Atelerix_albiventris","Betacoronavirus",112
"9471","Elephas_maximus","Betacoronavirus",113
"9033","Damaliscus_lunatus","Betacoronavirus",114
"9490","Philander_opossum","Betacoronavirus",115
"8919","Sylvilagus_audubonii","Betacoronavirus",116
"9161","Canis_simensis","Betacoronavirus",117
"8979","Semnopithecus_entellus","Betacoronavirus",118
"9120","Ceratotherium_simum","Betacoronavirus",119
"8726","Mastomys_erythroleucus","Betacoronavirus",120
"8767","Calomys_callosus","Betacoronavirus",121
"9172","Urocyon_cinereoargenteus","Betacoronavirus",122
"8709","Apodemus_agrarius","Betacoronavirus",123
"8784","Oligoryzomys_nigripes","Betacoronavirus",124
"8922","Lepus_californicus","Betacoronavirus",125
"8954","Mandrillus_sphinx","Betacoronavirus",126
"8985","Gorilla_beringei","Betacoronavirus",127
"8873","Proechimys_semispinosus","Betacoronavirus",128
"9464","Bradypus_variegatus","Betacoronavirus",129
"8806","Peromyscus_truei","Betacoronavirus",130
"8889","Spermophilus_beecheyi","Betacoronavirus",131
"8908","Sciurus_niger","Betacoronavirus",132
"9213","Hypsignathus_monstrosus","Betacoronavirus",133
"9037","Ovis_canadensis","Betacoronavirus",134
"8937","Cercopithecus_mona","Betacoronavirus",135
"9259","Rhinolophus_eloquens","Betacoronavirus",136
"9445","Myotis_keenii","Betacoronavirus",137
"9421","Murina_leucogaster","Betacoronavirus",138
"9441","Myotis_blythii","Betacoronavirus",139
"9226","Pteropus_hypomelanus","Betacoronavirus",140
"9061","Cephalophus_leucogaster","Betacoronavirus",141
"9248","Nycteris_gambiensis","Betacoronavirus",142
"9167","Lycaon_pictus","Betacoronavirus",143
"9282","Hipposideros_pomona","Betacoronavirus",144
"8779","Oligoryzomys_flavescens","Betacoronavirus",145
"9241","Taphozous_melanopogon","Betacoronavirus",146
"9229","Pteropus_conspicillatus","Betacoronavirus",147
"8868","Myocastor_coypus","Betacoronavirus",148
"9059","Cephalophus_dorsalis","Betacoronavirus",149
"8923","Lepus_americanus","Betacoronavirus",150
"9062","Sylvicapra_grimmia","Betacoronavirus",151
"9339","Platyrrhinus_helleri","Betacoronavirus",152
"8805","Peromyscus_mexicanus","Betacoronavirus",153
"8817","Neotoma_fuscipes","Betacoronavirus",154
"9142","Odobenus_rosmarus","Betacoronavirus",155
"9129","Martes_pennanti","Betacoronavirus",156
"9159","Canis_lupus","Betacoronavirus",157
"8955","Lophocebus_albigena","Betacoronavirus",158
"8896","Tamias_striatus","Betacoronavirus",159
"9121","Diceros_bicornis","Betacoronavirus",160
"8742","Rattus_exulans","Betacoronavirus",161
"9465","Tamandua_tetradactyla","Betacoronavirus",162
"9012","Saguinus_labiatus","Betacoronavirus",163
"8811","Reithrodontomys_megalotis","Betacoronavirus",164
"8786","Oryzomys_palustris","Betacoronavirus",165
"8753","Akodon_azarae","Betacoronavirus",166
"9470","Dasypus_novemcinctus","Betacoronavirus",167
"8887","Spermophilus_richardsonii","Betacoronavirus",168
"9348","Molossus_molossus","Betacoronavirus",169
"9152","Cystophora_cristata","Betacoronavirus",170
"8917","Sylvilagus_brasiliensis","Betacoronavirus",171
"8824","Myodes_rutilus","Betacoronavirus",172
"8945","Chlorocebus_sabaeus","Betacoronavirus",173
"8959","Papio_papio","Betacoronavirus",174
"9180","Leopardus_geoffroyi","Betacoronavirus",175
"9474","Macropus_agilis","Betacoronavirus",176
"8799","Peromyscus_gossypinus","Betacoronavirus",177
"9463","Bradypus_tridactylus","Betacoronavirus",178
"9028","Hippotragus_equinus","Betacoronavirus",179
"8973","Macaca_nemestrina","Betacoronavirus",180
"8975","Macaca_sylvanus","Betacoronavirus",181
"8704","Lophuromys_sikapusi","Betacoronavirus",182
"9157","Ursus_maritimus","Betacoronavirus",183
"8821","Myodes_gapperi","Betacoronavirus",184
"9489","Didelphis_virginiana","Betacoronavirus",185
"8987","Pan_paniscus","Betacoronavirus",186
"8935","Cercopithecus_nictitans","Betacoronavirus",187
"8793","Baiomys_taylori","Betacoronavirus",188
"8944","Chlorocebus_pygerythrus","Betacoronavirus",189
"9054","Nanger_granti","Betacoronavirus",190
"8739","Otomys_tropicalis","Betacoronavirus",191
"8976","Colobus_guereza","Betacoronavirus",192
"9185","Caracal_caracal","Betacoronavirus",193
"9038","Ovis_dalli","Betacoronavirus",194
"9151","Pagophilus_groenlandicus","Betacoronavirus",195
"8918","Sylvilagus_floridanus","Betacoronavirus",196
"8796","Peromyscus_boylii","Betacoronavirus",197
"9158","Ursus_americanus","Betacoronavirus",198
"9053","Gazella_gazella","Betacoronavirus",199
"8953","Mandrillus_leucophaeus","Betacoronavirus",200
"8906","Tamiasciurus_hudsonicus","Betacoronavirus",201
"9432","Myotis_yumanensis","Betacoronavirus",202
"9452","Myotis_mystacinus","Betacoronavirus",203
"9233","Pteropus_lylei","Betacoronavirus",204
"9399","Plecotus_auritus","Betacoronavirus",205
"9447","Myotis_nattereri","Betacoronavirus",206
"9443","Myotis_myotis","Betacoronavirus",207
"9234","Pteropus_vampyrus","Betacoronavirus",208
"9431","Myotis_volans","Betacoronavirus",209
"9266","Rhinolophus_rouxii","Betacoronavirus",210
"9433","Myotis_riparius","Betacoronavirus",211
"9311","Phyllostomus_discolor","Betacoronavirus",212
"9370","Vespertilio_murinus","Betacoronavirus",213
"9430","Myotis_velifer","Betacoronavirus",214
"9278","Hipposideros_bicolor","Betacoronavirus",215
"8997","Alouatta_pigra","Betacoronavirus",216
"9396","Barbastella_barbastellus","Betacoronavirus",217
"9390","Lasiurus_cinereus","Betacoronavirus",218
"9114","Phacochoerus_aethiopicus","Betacoronavirus",219
"9331","Artibeus_cinereus","Betacoronavirus",220
"8995","Alouatta_caraya","Betacoronavirus",221
"9321","Anoura_geoffroyi","Betacoronavirus",222
"9292","Hipposideros_larvatus","Betacoronavirus",223
"9106","Globicephala_melas","Betacoronavirus",224
"9263","Rhinolophus_megaphyllus","Betacoronavirus",225
"9468","Tolypeutes_matacus","Betacoronavirus",226
"9020","Lemur_catta","Betacoronavirus",227
"9491","Metachirus_nudicaudatus","Betacoronavirus",228
"8926","Lepus_capensis","Betacoronavirus",229
"9268","Rhinolophus_shameli","Betacoronavirus",230
"8883","Marmota_flaviventris","Betacoronavirus",231
"8814","Neotoma_lepida","Betacoronavirus",232
"9009","Saguinus_midas","Betacoronavirus",233
"9343","Cynomops_planirostris","Betacoronavirus",234
"9461","Choloepus_didactylus","Betacoronavirus",235
"8931","Cercopithecus_cephus","Betacoronavirus",236
"9290","Hipposideros_diadema","Betacoronavirus",237
"8798","Peromyscus_eremicus","Betacoronavirus",238
"8993","Hylobates_pileatus","Betacoronavirus",239
"8991","Hylobates_lar","Betacoronavirus",240
"9016","Cebus_apella","Betacoronavirus",241
"9298","Mormoops_megalophylla","Betacoronavirus",242
"8768","Calomys_laucha","Betacoronavirus",243
"8924","Lepus_timidus","Betacoronavirus",244
"9078","Tragelaphus_angasii","Betacoronavirus",245
"9486","Caluromys_philander","Betacoronavirus",246
"8996","Alouatta_palliata","Betacoronavirus",247
"9058","Cephalophus_weynsi","Betacoronavirus",248
"8980","Trachypithecus_cristatus","Betacoronavirus",249
"8938","Cercopithecus_pogonias","Betacoronavirus",250
"9179","Lynx_rufus","Betacoronavirus",251
"9459","Suncus_murinus","Betacoronavirus",252
"9269","Rhinolophus_simulator","Betacoronavirus",253
"8895","Ammospermophilus_nelsoni","Betacoronavirus",254
"8734","Mus_spretus","Betacoronavirus",255
"9046","Ovibos_moschatus","Betacoronavirus",256
"9270","Rhinolophus_stheno","Betacoronavirus",257
"9478","Macropus_robustus","Betacoronavirus",258
"8746","Rattus_tiomanicus","Betacoronavirus",259
"8940","Cercopithecus_neglectus","Betacoronavirus",260
"8781","Oligoryzomys_longicaudatus","Betacoronavirus",261
"9342","Cynomops_abrasus","Betacoronavirus",262
"9119","Vicugna_vicugna","Betacoronavirus",263
"9118","Lama_glama","Betacoronavirus",264
"9040","Capra_ibex","Betacoronavirus",265
"8766","Necromys_obscurus","Betacoronavirus",266
"8879","Erethizon_dorsatum","Betacoronavirus",267
"8904","Xerus_erythropus","Betacoronavirus",268
"9060","Cephalophus_nigrifrons","Betacoronavirus",269
"9181","Leopardus_pardalis","Betacoronavirus",270
"9162","Canis_adustus","Betacoronavirus",271
"8789","Sigmodon_alstoni","Betacoronavirus",272
"8769","Calomys_musculinus","Betacoronavirus",273
"9093","Cervus_nippon","Betacoronavirus",274
"8888","Spermophilus_tridecemlineatus","Betacoronavirus",275
"9177","Lynx_lynx","Betacoronavirus",276
"8925","Lepus_europaeus","Betacoronavirus",277
"8721","Dasymys_incomtus","Betacoronavirus",278
"8842","Ondatra_zibethicus","Betacoronavirus",279
"9024","Tupaia_belangeri","Betacoronavirus",280
"9026","Oryx_beisa","Betacoronavirus",281
"9479","Macropus_fuliginosus","Betacoronavirus",282
"8827","Arvicola_scherman","Betacoronavirus",283
"9144","Eumetopias_jubatus","Betacoronavirus",284
"9358","Miniopterus_inflatus","Betacoronavirus",285
"9031","Connochaetes_gnou","Betacoronavirus",286
"8866","Dasyprocta_punctata","Betacoronavirus",287
"8990","Pongo_abelii","Betacoronavirus",288
"9186","Prionailurus_bengalensis","Betacoronavirus",289
"9148","Pusa_sibirica","Betacoronavirus",290
"9153","Lobodon_carcinophaga","Betacoronavirus",291
"8845","Rhombomys_opimus","Betacoronavirus",292
"9277","Hipposideros_abae","Betacoronavirus",293
"9063","Philantomba_monticola","Betacoronavirus",294
"8775","Nectomys_squamipes","Betacoronavirus",295
"8981","Trachypithecus_francoisi","Betacoronavirus",296
"8952","Cercocebus_atys","Betacoronavirus",297
"9173","Urocyon_littoralis","Betacoronavirus",298
"8730","Mus_booduga","Betacoronavirus",299
"8703","Lophuromys_flavopunctatus","Betacoronavirus",300
"8727","Mastomys_huberti","Betacoronavirus",301
"9080","Tragelaphus_scriptus","Betacoronavirus",302
"9011","Saguinus_oedipus","Betacoronavirus",303
"9067","Redunca_fulvorufula","Betacoronavirus",304
"8835","Microtus_levis","Betacoronavirus",305
"9081","Tragelaphus_imberbis","Betacoronavirus",306
"8911","Sciurus_griseus","Betacoronavirus",307
"8765","Necromys_benefactus","Betacoronavirus",308
"9141","Potos_flavus","Betacoronavirus",309
"8826","Arvicola_amphibius","Betacoronavirus",310
"9073","Bos_javanicus","Betacoronavirus",311
"8718","Bandicota_savilei","Betacoronavirus",312
"9296","Natalus_tumidirostris","Betacoronavirus",313
"9050","Antilope_cervicapra","Betacoronavirus",314
"9035","Ammotragus_lervia","Betacoronavirus",315
"8797","Peromyscus_californicus","Betacoronavirus",316
"9071","Bison_bonasus","Betacoronavirus",317
"8867","Dasyprocta_leporina","Betacoronavirus",318
"8740","Praomys_jacksoni","Betacoronavirus",319
"8999","Ateles_geoffroyi","Betacoronavirus",320
"9212","Rousettus_madagascariensis","Betacoronavirus",321
"8863","Heteromys_anomalus","Betacoronavirus",322
"9047","Oreamnos_americanus","Betacoronavirus",323
"8754","Akodon_montensis","Betacoronavirus",324
"8840","Microtus_gregalis","Betacoronavirus",325
"9473","Trichosurus_vulpecula","Betacoronavirus",326
"8934","Cercopithecus_mitis","Betacoronavirus",327
"9176","Panthera_pardus","Betacoronavirus",328
"9192","Ichneumia_albicauda","Betacoronavirus",329
"9091","Axis_axis","Betacoronavirus",330
"9125","Mustela_lutreola","Betacoronavirus",331
"8965","Macaca_cyclopis","Betacoronavirus",332
"8816","Neotoma_cinerea","Betacoronavirus",333
"9258","Rhinolophus_coelophyllus","Betacoronavirus",334
"9256","Rhinolophus_capensis","Betacoronavirus",335
"8722","Hydromys_chrysogaster","Betacoronavirus",336
"8964","Macaca_sinica","Betacoronavirus",337
"8731","Mus_cervicolor","Betacoronavirus",338
"8823","Myodes_rufocanus","Betacoronavirus",339
"8962","Macaca_arctoides","Betacoronavirus",340
"9217","Epomophorus_wahlbergi","Betacoronavirus",341
"9214","Epomops_dobsonii","Betacoronavirus",342
"9208","Myonycteris_torquata","Betacoronavirus",343
"9423","Myotis_austroriparius","Betacoronavirus",344
"9401","Scotophilus_nigrita","Betacoronavirus",345
"9435","Myotis_horsfieldii","Betacoronavirus",346
"9224","Dobsonia_anderseni","Betacoronavirus",347
"9450","Myotis_leibii","Betacoronavirus",348
"9453","Myotis_davidii","Betacoronavirus",349
"9415","Eptesicus_diminutus","Betacoronavirus",350
"9416","Eptesicus_brasiliensis","Betacoronavirus",351
"9323","Carollia_sowelli","Betacoronavirus",352
"9380","Nyctalus_lasiopterus","Betacoronavirus",353
"9325","Carollia_subrufa","Betacoronavirus",354
"9363","Lasionycteris_noctivagans","Betacoronavirus",355
"9397","Euderma_maculatum","Betacoronavirus",356
"9391","Lasiurus_borealis","Betacoronavirus",357
"9372","Neoromicia_nana","Betacoronavirus",358
"9434","Myotis_macropus","Betacoronavirus",359
"9222","Syconycteris_australis","Betacoronavirus",360
"9388","Lasiurus_xanthinus","Betacoronavirus",361
"9393","Lasiurus_seminolus","Betacoronavirus",362
"9375","Falsistrellus_mackenziei","Betacoronavirus",363
"9386","Lasiurus_egregius","Betacoronavirus",364
"9420","Murina_aurata","Betacoronavirus",365
"9387","Lasiurus_ega","Betacoronavirus",366
"9303","Diaemus_youngi","Betacoronavirus",367
"9230","Pteropus_capistratus","Betacoronavirus",368
"9412","Pipistrellus_coromandra","Betacoronavirus",369
"9377","Vespadelus_baverstocki","Betacoronavirus",370
"9395","Glauconycteris_argentata","Betacoronavirus",371
"9332","Artibeus_fimbriatus","Betacoronavirus",372
"9225","Pteropus_neohibernicus","Betacoronavirus",373
"9318","Glossophaga_longirostris","Betacoronavirus",374
"9404","Scotophilus_nux","Betacoronavirus",375
"9360","Miniopterus_australis","Betacoronavirus",376
"9361","Miniopterus_pusillus","Betacoronavirus",377
"9424","Myotis_chiloensis","Betacoronavirus",378
"9347","Nyctinomops_macrotis","Betacoronavirus",379
"9373","Histiotus_montanus","Betacoronavirus",380
"9439","Myotis_macrodactylus","Betacoronavirus",381
"9392","Lasiurus_blossevillii","Betacoronavirus",382
"9367","Antrozous_pallidus","Betacoronavirus",383
"9379","Vespadelus_regulus","Betacoronavirus",384
"9280","Hipposideros_cineraceus","Betacoronavirus",385
"9353","Eumops_auripendulus","Betacoronavirus",386
"9406","Pipistrellus_inexspectatus","Betacoronavirus",387
"9448","Myotis_thysanodes","Betacoronavirus",388
"9291","Hipposideros_lankadiva","Betacoronavirus",389
"9436","Myotis_capaccinii","Betacoronavirus",390
"9135","Lutra_lutra","Betacoronavirus",391
"9191","Mungos_mungo","Betacoronavirus",392
"9460","Sorex_araneus","Betacoronavirus",393
"9444","Myotis_evotis","Betacoronavirus",394
"9327","Sturnira_ludovici","Betacoronavirus",395
"9253","Rhinolophus_lepidus","Betacoronavirus",396
"9356","Miniopterus_natalensis","Betacoronavirus",397
"9354","Chaerephon_pumilus","Betacoronavirus",398
"9112","Potamochoerus_porcus","Betacoronavirus",399
"9427","Myotis_levis","Betacoronavirus",400
"9449","Myotis_californicus","Betacoronavirus",401
"9438","Myotis_longipes","Betacoronavirus",402
"9319","Glossophaga_morenoi","Betacoronavirus",403
"9426","Myotis_grisescens","Betacoronavirus",404
"9422","Myotis_albescens","Betacoronavirus",405
"8846","Desmodillus_auricularis","Betacoronavirus",406
"9316","Glossophaga_commissarisi","Betacoronavirus",407
"9156","Ursus_arctos","Betacoronavirus",408
"9442","Myotis_punicus","Betacoronavirus",409
"9315","Leptonycteris_nivalis","Betacoronavirus",410
"9451","Myotis_brandtii","Betacoronavirus",411
"8880","Coendou_prehensilis","Betacoronavirus",412
"9221","Macroglossus_minimus","Betacoronavirus",413
"9359","Miniopterus_magnater","Betacoronavirus",414
"9307","Chrotopterus_auritus","Betacoronavirus",415
"9320","Anoura_caudifer","Betacoronavirus",416
"8878","Thryonomys_swinderianus","Betacoronavirus",417
"8893","Spermophilus_variegatus","Betacoronavirus",418
"8947","Miopithecus_talapoin","Betacoronavirus",419
"9010","Saguinus_geoffroyi","Betacoronavirus",420
"9369","Tylonycteris_robustula","Betacoronavirus",421
"9166","Chrysocyon_brachyurus","Betacoronavirus",422
"8886","Spermophilus_parryii","Betacoronavirus",423
"8998","Alouatta_seniculus","Betacoronavirus",424
"9417","Eptesicus_furinalis","Betacoronavirus",425
"8855","Perognathus_parvus","Betacoronavirus",426
"8807","Onychomys_leucogaster","Betacoronavirus",427
"8915","Glis_glis","Betacoronavirus",428
"9018","Eulemur_albifrons","Betacoronavirus",429
"9467","Chaetophractus_vellerosus","Betacoronavirus",430
"8762","Bibimys_chacoensis","Betacoronavirus",431
"8759","Loxodontomys_micropus","Betacoronavirus",432
"8809","Reithrodontomys_mexicanus","Betacoronavirus",433
"9002","Pithecia_monachus","Betacoronavirus",434
"8804","Peromyscus_melanotis","Betacoronavirus",435
"9227","Pteropus_admiralitatum","Betacoronavirus",436
"8812","Neotoma_albigula","Betacoronavirus",437
"8992","Hylobates_moloch","Betacoronavirus",438
"8897","Tamias_sibiricus","Betacoronavirus",439
"9309","Lophostoma_silvicolum","Betacoronavirus",440
"8844","Meriones_libycus","Betacoronavirus",441
"9466","Myrmecophaga_tridactyla","Betacoronavirus",442
"8839","Microtus_ochrogaster","Betacoronavirus",443
"8972","Macaca_tonkeana","Betacoronavirus",444
"9378","Vespadelus_pumilus","Betacoronavirus",445
"9340","Platyrrhinus_lineatus","Betacoronavirus",446
"8733","Mus_spicilegus","Betacoronavirus",447
"9382","Nyctalus_plancyi","Betacoronavirus",448
"9405","Pipistrellus_ceylonicus","Betacoronavirus",449
"9351","Eumops_patagonicus","Betacoronavirus",450
"8713","Apodemus_uralensis","Betacoronavirus",451
"9383","Chalinolobus_gouldii","Betacoronavirus",452
"9283","Hipposideros_speoris","Betacoronavirus",453
"9245","Cardioderma_cor","Betacoronavirus",454
"8983","Pygathrix_nemaeus","Betacoronavirus",455
"8939","Cercopithecus_diana","Betacoronavirus",456
"9041","Capra_pyrenaica","Betacoronavirus",457
"9057","Cephalophus_callipygus","Betacoronavirus",458
"8933","Cercopithecus_petaurista","Betacoronavirus",459
"8982","Trachypithecus_obscurus","Betacoronavirus",460
"9338","Vampyrodes_caraccioli","Betacoronavirus",461
"9197","Genetta_genetta","Betacoronavirus",462
"9385","Rhogeessa_parvula","Betacoronavirus",463
"8914","Funambulus_tristriatus","Betacoronavirus",464
"9289","Hipposideros_vittatus","Betacoronavirus",465
"9492","Marmosa_murina","Betacoronavirus",466
"9085","Ozotoceros_bezoarticus","Betacoronavirus",467
"9365","Philetor_brachypterus","Betacoronavirus",468
"8702","Pedetes_capensis","Betacoronavirus",469
"9023","Galago_senegalensis","Betacoronavirus",470
"9196","Genetta_maculata","Betacoronavirus",471
"9328","Sturnira_tildae","Betacoronavirus",472
"9374","Histiotus_velatus","Betacoronavirus",473
"9364","Nycticeius_humeralis","Betacoronavirus",474
"8854","Castor_fiber","Betacoronavirus",475
"8913","Glaucomys_volans","Betacoronavirus",476
"8774","Neacomys_spinosus","Betacoronavirus",477
"8808","Onychomys_torridus","Betacoronavirus",478
"8723","Lemniscomys_rosalia","Betacoronavirus",479
"9305","Macrotus_californicus","Betacoronavirus",480
"9003","Pithecia_pithecia","Betacoronavirus",481
"9105","Tursiops_truncatus","Betacoronavirus",482
"9139","Nasua_narica","Betacoronavirus",483
"9389","Lasiurus_intermedius","Betacoronavirus",484
"9015","Cebus_capucinus","Betacoronavirus",485
"9398","Corynorhinus_townsendii","Betacoronavirus",486
"9293","Hipposideros_lekaguli","Betacoronavirus",487
"9477","Macropus_rufus","Betacoronavirus",488
"8752","Abrothrix_sanborni","Betacoronavirus",489
"8803","Peromyscus_melanophrys","Betacoronavirus",490
"8884","Spermophilus_undulatus","Betacoronavirus",491
"8748","Rhabdomys_pumilio","Betacoronavirus",492
"9481","Setonix_brachyurus","Betacoronavirus",493
"8856","Chaetodipus_spinatus","Betacoronavirus",494
"8830","Lemmus_sibiricus","Betacoronavirus",495
"8916","Sylvilagus_aquaticus","Betacoronavirus",496
"8902","Funisciurus_anerythrus","Betacoronavirus",497
"8720","Millardia_meltada","Betacoronavirus",498
"9366","Perimyotis_subflavus","Betacoronavirus",499
"8705","Aethomys_kaiseri","Betacoronavirus",500
"8862","Liomys_adspersus","Betacoronavirus",501
"8859","Dipodomys_merriami","Betacoronavirus",502
"9013","Saguinus_mystax","Betacoronavirus",503
"8899","Tamias_umbrinus","Betacoronavirus",504
"8870","Hoplomys_gymnurus","Betacoronavirus",505
"9143","Arctocephalus_australis","Betacoronavirus",506
"9384","Chalinolobus_morio","Betacoronavirus",507
"9108","Balaenoptera_acutorostrata","Betacoronavirus",508
"8725","Mastomys_coucha","Betacoronavirus",509
"8763","Necromys_amoenus","Betacoronavirus",510
"8857","Chaetodipus_hispidus","Betacoronavirus",511
"8977","Colobus_polykomos","Betacoronavirus",512
"8815","Neotoma_stephensi","Betacoronavirus",513
"8829","Lemmus_lemmus","Betacoronavirus",514
"8787","Oxymycterus_rufus","Betacoronavirus",515
"9099","Tragulus_javanicus","Betacoronavirus",516
"8810","Reithrodontomys_fulvescens","Betacoronavirus",517
"8738","Otomys_irroratus","Betacoronavirus",518
"9115","Phacochoerus_africanus","Betacoronavirus",519
"8877","Hystrix_africaeaustralis","Betacoronavirus",520
"9006","Callithrix_geoffroyi","Betacoronavirus",521
"8994","Nomascus_leucogenys","Betacoronavirus",522
"8780","Oligoryzomys_fulvescens","Betacoronavirus",523
"8777","Oecomys_paricola","Betacoronavirus",524
"8903","Funisciurus_congicus","Betacoronavirus",525
"9014","Saguinus_nigricollis","Betacoronavirus",526
"8715","Arvicanthis_neumanni","Betacoronavirus",527
"9485","Caluromys_derbianus","Betacoronavirus",528
"8783","Oligoryzomys_fornesi","Betacoronavirus",529
"8758","Thaptomys_nigrita","Betacoronavirus",530
"8785","Oryzomys_couesi","Betacoronavirus",531
"8770","Calomys_tener","Betacoronavirus",532
"9004","Aotus_azarae","Betacoronavirus",533
"8778","Oligoryzomys_chacoensis","Betacoronavirus",534
"9069","Procapra_gutturosa","Betacoronavirus",535
"8764","Necromys_lasiurus","Betacoronavirus",536
"8716","Bandicota_bengalensis","Betacoronavirus",537
"9068","Ourebia_ourebi","Betacoronavirus",538
"9008","Leontopithecus_chrysomelas","Betacoronavirus",539
"8894","Cynomys_ludovicianus","Betacoronavirus",540
"8961","Theropithecus_gelada","Betacoronavirus",541
"8773","Neacomys_guianae","Betacoronavirus",542
"9001","Lagothrix_lagotricha","Betacoronavirus",543
"9242","Rhynchonycteris_naso","Betacoronavirus",544
"9308","Tonatia_bidens","Betacoronavirus",545
"8936","Cercopithecus_campbelli","Betacoronavirus",546
"9094","Rusa_unicolor","Betacoronavirus",547
"9288","Hipposideros_gigas","Betacoronavirus",548
"8885","Spermophilus_columbianus","Betacoronavirus",549
"9042","Pseudois_nayaur","Betacoronavirus",550
"8890","Spermophilus_citellus","Betacoronavirus",551
"9246","Megaderma_lyra","Betacoronavirus",552
"9045","Capricornis_crispus","Betacoronavirus",553
"9165","Cerdocyon_thous","Betacoronavirus",554
"9345","Tadarida_teniotis","Betacoronavirus",555
"9130","Galictis_cuja","Betacoronavirus",556
"9169","Vulpes_corsac","Betacoronavirus",557
"8861","Thomomys_talpoides","Betacoronavirus",558
"9089","Pudu_puda","Betacoronavirus",559
"9107","Orcinus_orca","Betacoronavirus",560
"9155","Mirounga_leonina","Betacoronavirus",561
"9193","Suricata_suricatta","Betacoronavirus",562
"9306","Micronycteris_megalotis","Betacoronavirus",563
"9310","Mimon_crenulatum","Betacoronavirus",564
"9190","Proteles_cristata","Betacoronavirus",565
"8708","Apodemus_speciosus","Betacoronavirus",566
"8706","Apodemus_argenteus","Betacoronavirus",567
"9116","Camelus_bactrianus","Betacoronavirus",568
"8749","Vandeleuria_oleracea","Betacoronavirus",569
"8858","Dipodomys_heermanni","Betacoronavirus",570
"9000","Ateles_paniscus","Betacoronavirus",571
"9104","Stenella_coeruleoalba","Betacoronavirus",572
"8860","Dipodomys_nitratoides","Betacoronavirus",573
"9455","Erinaceus_europaeus","Betacoronavirus",574
"9103","Delphinus_delphis","Betacoronavirus",575
"8905","Xerus_inauris","Betacoronavirus",576
"8900","Tamias_minimus","Betacoronavirus",577
"9301","Diphylla_ecaudata","Betacoronavirus",578
"9146","Pusa_caspica","Betacoronavirus",579
"9336","Mesophylla_macconnelli","Betacoronavirus",580
"9350","Eumops_perotis","Betacoronavirus",581
"9178","Lynx_pardinus","Betacoronavirus",582
"8850","Gerbilliscus_leucogaster","Betacoronavirus",583
"9022","Nycticebus_coucang","Betacoronavirus",584
"8813","Neotoma_floridana","Betacoronavirus",585
"9154","Leptonychotes_weddellii","Betacoronavirus",586
"9458","Crocidura_russula","Betacoronavirus",587
"9150","Halichoerus_grypus","Betacoronavirus",588
"8909","Sciurus_granatensis","Betacoronavirus",589
"8869","Trinomys_iheringi","Betacoronavirus",590
"8875","Diplomys_labilis","Betacoronavirus",591
"9147","Pusa_hispida","Betacoronavirus",592
"9021","Varecia_variegata","Betacoronavirus",593
"8852","Cricetomys_emini","Betacoronavirus",594
"9329","Sturnira_erythromos","Betacoronavirus",595
"9044","Rupicapra_rupicapra","Betacoronavirus",596
"9341","Molossops_neglectus","Betacoronavirus",597
"8737","Niviventer_confucianus","Betacoronavirus",598
"8901","Heliosciurus_rufobrachium","Betacoronavirus",599
"8898","Tamias_amoenus","Betacoronavirus",600
"8819","Cricetus_cricetus","Betacoronavirus",601
"8707","Apodemus_peninsulae","Betacoronavirus",602
"8910","Sciurus_variegatoides","Betacoronavirus",603
"9314","Leptonycteris_curasoae","Betacoronavirus",604
"8832","Microtus_fortis","Betacoronavirus",605
"9123","Equus_hemionus","Betacoronavirus",606
"8751","Abrothrix_longipilis","Betacoronavirus",607
"8948","Cercocebus_agilis","Betacoronavirus",608
"8771","Holochilus_sciureus","Betacoronavirus",609
"8949","Cercocebus_chrysogaster","Betacoronavirus",610
"8741","Rattus_fuscipes","Betacoronavirus",611
"9086","Mazama_gouazoubira","Betacoronavirus",612
"9096","Muntiacus_muntjak","Betacoronavirus",613
"9322","Lichonycteris_obscura","Betacoronavirus",614
"9295","Natalus_stramineus","Betacoronavirus",615
"9174","Otocyon_megalotis","Betacoronavirus",616
"8951","Cercocebus_torquatus","Betacoronavirus",617
"9313","Lonchophylla_robusta","Betacoronavirus",618
"9132","Meles_meles","Betacoronavirus",619
"9304","Lonchorhina_aurita","Betacoronavirus",620
"8735","Mus_setulosus","Betacoronavirus",621
"9237","Saccolaimus_flaviventris","Betacoronavirus",622
"8969","Macaca_maura","Betacoronavirus",623
"9043","Rupicapra_pyrenaica","Betacoronavirus",624
"8942","Cercopithecus_solatus","Betacoronavirus",625
"9145","Zalophus_californianus","Betacoronavirus",626
"9297","Mystacina_tuberculata","Betacoronavirus",627
"9243","Diclidurus_albus","Betacoronavirus",628
"9238","Saccolaimus_saccolaimus","Betacoronavirus",629
"9249","Nycteris_thebaica","Betacoronavirus",630
"8971","Macaca_ochreata","Betacoronavirus",631
"8881","Coendou_rothschildi","Betacoronavirus",632
"9111","Eschrichtius_robustus","Betacoronavirus",633
"9109","Balaenoptera_borealis","Betacoronavirus",634
"9128","Martes_foina","Betacoronavirus",635
"9239","Taphozous_theobaldi","Betacoronavirus",636
"9131","Mellivora_capensis","Betacoronavirus",637
"8927","Lepus_saxatilis","Betacoronavirus",638
"8921","Sylvilagus_bachmani","Betacoronavirus",639
"8760","Phyllotis_darwini","Betacoronavirus",640
"9194","Cynictis_penicillata","Betacoronavirus",641
"9247","Nycteris_nana","Betacoronavirus",642
"8750","Handleyomys_fuscatus","Betacoronavirus",643
"8841","Microtus_subterraneus","Betacoronavirus",644
"8791","Sigmodon_toltecus","Betacoronavirus",645
"8978","Presbytis_melalophos","Betacoronavirus",646
"9195","Atilax_paludinosus","Betacoronavirus",647
"8825","Myodes_regulus","Betacoronavirus",648
"9064","Raphicerus_sharpei","Betacoronavirus",649
"9051","Gazella_subgutturosa","Betacoronavirus",650
"9137","Taxidea_taxus","Betacoronavirus",651
"8920","Sylvilagus_nuttallii","Betacoronavirus",652
"9140","Bassaricyon_gabbii","Betacoronavirus",653
"9163","Canis_aureus","Betacoronavirus",654
"8864","Hydrochoerus_hydrochaeris","Betacoronavirus",655
"8719","Madromys_blanfordi","Betacoronavirus",656
"9484","Perameles_nasuta","Betacoronavirus",657
"9483","Isoodon_macrourus","Betacoronavirus",658
"8874","Proechimys_guairae","Betacoronavirus",659
"9052","Gazella_dorcas","Betacoronavirus",660
"9100","Phocoena_phocoena","Betacoronavirus",661
"9126","Mustela_nigripes","Betacoronavirus",662
"9019","Eulemur_macaco","Betacoronavirus",663
"8851","Gerbilliscus_validus","Betacoronavirus",664
"9182","Felis_nigripes","Betacoronavirus",665
"9469","Cabassous_centralis","Betacoronavirus",666
"9102","Phocoenoides_dalli","Betacoronavirus",667
"9110","Balaenoptera_physalus","Betacoronavirus",668
"8876","Cuniculus_paca","Betacoronavirus",669
"8970","Macaca_nigra","Betacoronavirus",670
"8828","Chionomys_roberti","Betacoronavirus",671
"8761","Graomys_griseoflavus","Betacoronavirus",672
"8818","Neotoma_macrotis","Betacoronavirus",673
"8794","Megadontomys_nelsoni","Betacoronavirus",674
"9457","Crocidura_leucodon","Betacoronavirus",675
"9487","Chironectes_minimus","Betacoronavirus",676
"8729","Micromys_minutus","Betacoronavirus",677
"8772","Melanomys_caliginosus","Betacoronavirus",678
"8710","Apodemus_mystacinus","Betacoronavirus",679
"8757","Akodon_varius","Betacoronavirus",680
"8795","Peromyscus_attwateri","Betacoronavirus",681
"8776","Oecomys_bicolor","Betacoronavirus",682
"8755","Abrothrix_olivaceus","Betacoronavirus",683
"9076","Boselaphus_tragocamelus","Betacoronavirus",684
"8871","Proechimys_longicaudatus","Betacoronavirus",685
"8792","Tylomys_nudicaudus","Betacoronavirus",686
"9475","Macropus_parma","Betacoronavirus",687
"8802","Peromyscus_megalops","Betacoronavirus",688
"9476","Macropus_rufogriseus","Betacoronavirus",689
"8833","Microtus_maximowiczii","Betacoronavirus",690
"8848","Gerbilliscus_brantsii","Betacoronavirus",691
"9079","Tragelaphus_eurycerus","Betacoronavirus",692
"9482","Dorcopsis_muelleri","Betacoronavirus",693
"8782","Oligoryzomys_microtis","Betacoronavirus",694
"8736","Pelomys_isseli","Betacoronavirus",695
"8756","Akodon_simulator","Betacoronavirus",696
"8892","Spermophilus_lateralis","Betacoronavirus",697
"8745","Rattus_tanezumi","Betacoronavirus",698
"8743","Rattus_losea","Betacoronavirus",699
"9056","Saiga_tatarica","Betacoronavirus",700
"8891","Spermophilus_fulvus","Betacoronavirus",701
"8950","Cercocebus_galeritus","Betacoronavirus",702
"9034","Damaliscus_pygargus","Betacoronavirus",703
"8929","Allenopithecus_nigroviridis","Betacoronavirus",704
"8932","Cercopithecus_erythrotis","Betacoronavirus",705
"8941","Cercopithecus_lhoesti","Betacoronavirus",706
"9084","Blastocerus_dichotomus","Betacoronavirus",707
"8974","Macaca_silenus","Betacoronavirus",708
"9101","Phocoena_spinipinnis","Betacoronavirus",709
